{
  "assetsByChunkName": {
    "vendors~app-account~app-checkout~app-confirmation~app-order": "chunk.b4567e4d50991b22f6dd.js",
    "vendors~app-account~app-confirmation~app-order": "chunk.8ffc4480c25ae9b0cb2e.js",
    "vendors~app-account~app-checkout": "chunk.545ca4802ccd9058376a.js",
    "vendors~app-cart~app-checkout": "chunk.e850862448402ad3d941.js",
    "admin": [
      "admin.d694f1122d41a65bf0fc.js",
      "admin.d694f1122d41a65bf0fc.js.map"
    ],
    "app-account": "chunk.2ca87a71aa808df84007.js",
    "app-checkout": "chunk.cae112af81e969a70e0d.js",
    "app-confirmation": "chunk.74b3c37a54eb1a5b99f0.js",
    "app-order": "chunk.aa599cc9f79301104bcb.js",
    "checkout": [
      "checkout.1bb93a2f003dd87893ab.js",
      "checkout.1bb93a2f003dd87893ab.js.map"
    ],
    "storefront": [
      "storefront.5c68a03106746a2b5831.css",
      "storefront.de24424e842bc179076f.js",
      "storefront.5c68a03106746a2b5831.css.map",
      "storefront.de24424e842bc179076f.js.map"
    ],
    "vendors~app-cart": "chunk.f4383ead6507fa2d4fe9.js"
  }
}